{
    "code1_1": [
        [
            0.14194927052045855,
            -0.09145564050904555,
            0.027410210492863796
        ],
        0.0212221909314394
    ],
    "code1_2": [
        [
            0.1699988897736096,
            0.01663023541639651,
            0.03728210550280614
        ],
        0.006178617011755705
    ],
    "code1_3": [
        [
            0.17576905200192056,
            0.1308560591237521,
            0.03800476984802725
        ],
        0.10202638804912567
    ],
    "code1_4": [
        [
            0.2647665380225819,
            0.1371856272752911,
            0.03402460418197123
        ],
        0.8624041080474854
    ],
    "code2_1": [
        [
            0.1734024727263906,
            0.22045293209788883,
            0.04684066260407033
        ],
        0.14081034064292908
    ],
    "code2_2": [
        [
            0.2541053337070774,
            -0.023543464446196833,
            0.024892155095884938
        ],
        1.300756812095642
    ],
    "code3_1": [
        [
            0.11168046430501297,
            0.10650642079141592,
            0.07001270739782961
        ],
        0.027141179889440536
    ],
    "code3_2": [
        [
            0.27823517206949266,
            0.1994105902880441,
            0.064193906367015
        ],
        0.02897598408162594
    ],
    "code4": [
        [
            0.26225385317018046,
            0.0717742545527637,
            0.020552379161342726
        ],
        1.0117708444595337
    ]
}